-- Semente de teste a fim de desenvolvimento.
-- Não deverá ser utilizada em produção, e deverá ser mantida apenas como referência.
BEGIN;

TRUNCATE TABLE
    public.tb_servico_realizado,
    public.tb_usuario,
    public.tb_agendamento,
    public.tb_servico,
    public.tb_funcionario,
    public.tb_cliente
CASCADE;

-- Clientes
INSERT INTO public.tb_cliente (id, nome, telefone, email, cpf, dt_nasc) VALUES
('a3f1c9d2-6b4e-4f8a-9d1c-2e7b5a0f3c11', 'João Silva',  '11999990001', 'joao.silva@email.com',  '12345678901', '1990-05-10'),
('b7e2d4a1-9c3f-4a6b-8e2d-1f0c7b5a9d22', 'Maria Souza', '11999990002', 'maria.souza@email.com', '12345678902', '1988-11-22'),
('c1d3e5f7-2a4b-4c6d-9e1f-3b5a7c9d0e33', 'Pedro Lima',  '11999990003', 'pedro.lima@email.com',  '12345678903', '1995-02-14');

-- Funcionários
INSERT INTO public.tb_funcionario (id, nome, cpf, email, endereco) VALUES
('d4a6c8e0-1b3d-4f5a-9c2e-7b0d1f3a5c44', 'Ana Costa',   '98765432101', 'ana.costa@empresa.com',   'Rua A, 100'),
('e5b7d9f1-2c4e-4a6b-8d3f-0c1e2a4b6d55', 'Bruno Alves', '98765432102', 'bruno.alves@empresa.com', 'Rua B, 200');

-- Serviços
INSERT INTO public.tb_servico (id, nome, descricao, valor) VALUES
('f6c8e0a2-3d5f-4b7c-9e4a-1d2f3b5c7e66', 'Corte de Cabelo', 'Corte masculino/feminino', 50.00),
('07d9f1b3-4e6a-4c8d-8f5b-2e3a4c6d8f77', 'Barba',           'Aparar e modelar barba',    35.00),
('18e0a2c4-5f7b-4d9e-9a6c-3f4b5d7e9a88', 'Hidratação',      'Tratamento capilar',        80.00);

-- Agendamentos
INSERT INTO public.tb_agendamento (id, id_cliente, id_funcionario, dt_agendamento, dt_conclusao, status, total) VALUES
('29f1b3d5-6a8c-4e0f-8b7d-4a5c6e8f0b99', 'a3f1c9d2-6b4e-4f8a-9d1c-2e7b5a0f3c11', 'd4a6c8e0-1b3d-4f5a-9c2e-7b0d1f3a5c44', '2026-04-28 10:00:00+00', '2026-04-28 11:00:00+00', 'concluido', 85.00),
('3af2c4e6-7b9d-4f1a-9c8e-5b6d7f9a1caa', 'b7e2d4a1-9c3f-4a6b-8e2d-1f0c7b5a9d22', 'e5b7d9f1-2c4e-4a6b-8d3f-0c1e2a4b6d55', '2026-04-29 14:00:00+00', NULL,                         'agendado',  50.00),
('4bf3d5f7-8c0e-4a2b-8d9f-6c7e8a0b2dbb', 'c1d3e5f7-2a4b-4c6d-9e1f-3b5a7c9d0e33', 'd4a6c8e0-1b3d-4f5a-9c2e-7b0d1f3a5c44', '2026-04-30 09:30:00+00', NULL,                         'cancelado', NULL);

-- Usuários (1:1 com funcionário)
INSERT INTO public.tb_usuario (id_funcionario, login, senha) VALUES
('d4a6c8e0-1b3d-4f5a-9c2e-7b0d1f3a5c44', 'ana.costa',   'senha_teste_ana'),
('e5b7d9f1-2c4e-4a6b-8d3f-0c1e2a4b6d55', 'bruno.alves', 'senha_teste_bruno');

-- Serviços realizados (N:N entre agendamento e serviço)
INSERT INTO public.tb_servico_realizado (id_agendamento, id_servico, valor) VALUES
('29f1b3d5-6a8c-4e0f-8b7d-4a5c6e8f0b99', 'f6c8e0a2-3d5f-4b7c-9e4a-1d2f3b5c7e66', 50.00), -- corte
('29f1b3d5-6a8c-4e0f-8b7d-4a5c6e8f0b99', '07d9f1b3-4e6a-4c8d-8f5b-2e3a4c6d8f77', 35.00), -- barba
('3af2c4e6-7b9d-4f1a-9c8e-5b6d7f9a1caa', 'f6c8e0a2-3d5f-4b7c-9e4a-1d2f3b5c7e66', 50.00); -- corte

COMMIT;